Email,Full Name
ava.martin@example.com,Ava Martin
liam.johnson@example.com,Liam Johnson
emma.williams@example.com,Emma Williams
noah.brown@example.com,Noah Brown
olivia.jones@example.com,Olivia Jones
elijah.garcia@example.com,Elijah Garcia
sophia.miller@example.com,Sophia Miller
james.davis@example.com,James Davis
isabella.rodriguez@example.com,Isabella Rodriguez
benjamin.martinez@example.com,Benjamin Martinez
mia.hernandez@example.com,Mia Hernandez
lucas.lopez@example.com,Lucas Lopez
amelia.gonzalez@example.com,Amelia Gonzalez
henry.wilson@example.com,Henry Wilson
harper.anderson@example.com,Harper Anderson
alexander.thomas@example.com,Alexander Thomas
evelyn.taylor@example.com,Evelyn Taylor
daniel.moore@example.com,Daniel Moore
abigail.jackson@example.com,Abigail Jackson
matthew.martin@example.com,Matthew Martin
ella.lee@example.com,Ella Lee
jack.perez@example.com,Jack Perez
scarlett.thompson@example.com,Scarlett Thompson
logan.white@example.com,Logan White
grace.harris@example.com,Grace Harris
michael.sanchez@example.com,Michael Sanchez
chloe.clark@example.com,Chloe Clark
sebastian.ramirez@example.com,Sebastian Ramirez
victoria.lewis@example.com,Victoria Lewis
ethan.robinson@example.com,Ethan Robinson
lily.walker@example.com,Lily Walker
jacob.young@example.com,Jacob Young
zoe.allen@example.com,Zoe Allen
samuel.king@example.com,Samuel King
penelope.wright@example.com,Penelope Wright
david.scott@example.com,David Scott
layla.torres@example.com,Layla Torres
joseph.nguyen@example.com,Joseph Nguyen
riley.hill@example.com,Riley Hill
carter.flores@example.com,Carter Flores
nora.green@example.com,Nora Green
owen.adams@example.com,Owen Adams
hannah.nelson@example.com,Hannah Nelson
wyatt.baker@example.com,Wyatt Baker
addison.hall@example.com,Addison Hall
john.rivera@example.com,John Rivera
stella.campbell@example.com,Stella Campbell
luke.mitchell@example.com,Luke Mitchell
aurora.carter@example.com,Aurora Carter
isaac.roberts@example.com,Isaac Roberts
leah.gomez@example.com,Leah Gomez
julian.phillips@example.com,Julian Phillips
hazel.evans@example.com,Hazel Evans
levi.turner@example.com,Levi Turner
savannah.diaz@example.com,Savannah Diaz
gabriel.parker@example.com,Gabriel Parker
violet.cruz@example.com,Violet Cruz
anthony.edwards@example.com,Anthony Edwards
brooklyn.collins@example.com,Brooklyn Collins
dylan.reyes@example.com,Dylan Reyes
bella.stewart@example.com,Bella Stewart
andrew.morris@example.com,Andrew Morris
lucy.morales@example.com,Lucy Morales
joshua.murphy@example.com,Joshua Murphy
paisley.cook@example.com,Paisley Cook
christopher.rogers@example.com,Christopher Rogers
anna.gutierrez@example.com,Anna Gutierrez
grayson.ortiz@example.com,Grayson Ortiz
sarah.morgan@example.com,Sarah Morgan
jayden.cooper@example.com,Jayden Cooper
ivy.peterson@example.com,Ivy Peterson
nathan.bailey@example.com,Nathan Bailey
claire.reed@example.com,Claire Reed
aaron.kelly@example.com,Aaron Kelly
madelyn.howard@example.com,Madelyn Howard
isaiah.ramos@example.com,Isaiah Ramos
ariana.kim@example.com,Ariana Kim
thomas.cox@example.com,Thomas Cox
elena.ward@example.com,Elena Ward
charles.richardson@example.com,Charles Richardson
sadie.watson@example.com,Sadie Watson
caleb.brooks@example.com,Caleb Brooks
autumn.chavez@example.com,Autumn Chavez
ryan.wood@example.com,Ryan Wood
maya.james@example.com,Maya James
asher.bennett@example.com,Asher Bennett
naomi.gray@example.com,Naomi Gray
colton.mendoza@example.com,Colton Mendoza
sienna.ruiz@example.com,Sienna Ruiz
hunter.hughes@example.com,Hunter Hughes
caroline.price@example.com,Caroline Price
connor.alvarez@example.com,Connor Alvarez
delilah.castillo@example.com,Delilah Castillo
jason.sanders@example.com,Jason Sanders
faith.patel@example.com,Faith Patel
leo.meyers@example.com,Leo Meyers
jasmine.long@example.com,Jasmine Long
brayden.ross@example.com,Brayden Ross
kate.foster@example.com,Kate Foster
aidan.jimenez@example.com,Aidan Jimenez
mila.powell@example.com,Mila Powell
jeremiah.jenkins@example.com,Jeremiah Jenkins
piper.perry@example.com,Piper Perry
